Image,Correct Label,Predicted Label
/home/grads/k/kaihe/Documents/ISIC/Task3/ISIC2018_Task3_Training_Input/Image/ISIC_0032318.jpg,BCC,MEL
/home/grads/k/kaihe/Documents/ISIC/Task3/ISIC2018_Task3_Training_Input/Image/ISIC_0032349.jpg,AKIEC,BKL
/home/grads/k/kaihe/Documents/ISIC/Task3/ISIC2018_Task3_Training_Input/Image/ISIC_0032365.jpg,BKL,NV
/home/grads/k/kaihe/Documents/ISIC/Task3/ISIC2018_Task3_Training_Input/Image/ISIC_0032378.jpg,NV,MEL
/home/grads/k/kaihe/Documents/ISIC/Task3/ISIC2018_Task3_Training_Input/Image/ISIC_0032397.jpg,AKIEC,BKL
/home/grads/k/kaihe/Documents/ISIC/Task3/ISIC2018_Task3_Training_Input/Image/ISIC_0032410.jpg,DF,BKL
/home/grads/k/kaihe/Documents/ISIC/Task3/ISIC2018_Task3_Training_Input/Image/ISIC_0032412.jpg,NV,MEL
/home/grads/k/kaihe/Documents/ISIC/Task3/ISIC2018_Task3_Training_Input/Image/ISIC_0032414.jpg,BCC,BKL
/home/grads/k/kaihe/Documents/ISIC/Task3/ISIC2018_Task3_Training_Input/Image/ISIC_0032420.jpg,MEL,BKL
/home/grads/k/kaihe/Documents/ISIC/Task3/ISIC2018_Task3_Training_Input/Image/ISIC_0032425.jpg,MEL,NV
/home/grads/k/kaihe/Documents/ISIC/Task3/ISIC2018_Task3_Training_Input/Image/ISIC_0032430.jpg,MEL,BKL
/home/grads/k/kaihe/Documents/ISIC/Task3/ISIC2018_Task3_Training_Input/Image/ISIC_0032433.jpg,MEL,NV
/home/grads/k/kaihe/Documents/ISIC/Task3/ISIC2018_Task3_Training_Input/Image/ISIC_0032436.jpg,NV,BKL
/home/grads/k/kaihe/Documents/ISIC/Task3/ISIC2018_Task3_Training_Input/Image/ISIC_0032441.jpg,MEL,NV
/home/grads/k/kaihe/Documents/ISIC/Task3/ISIC2018_Task3_Training_Input/Image/ISIC_0032456.jpg,BKL,NV
/home/grads/k/kaihe/Documents/ISIC/Task3/ISIC2018_Task3_Training_Input/Image/ISIC_0032462.jpg,MEL,NV
/home/grads/k/kaihe/Documents/ISIC/Task3/ISIC2018_Task3_Training_Input/Image/ISIC_0032475.jpg,NV,MEL
/home/grads/k/kaihe/Documents/ISIC/Task3/ISIC2018_Task3_Training_Input/Image/ISIC_0032476.jpg,MEL,BKL
/home/grads/k/kaihe/Documents/ISIC/Task3/ISIC2018_Task3_Training_Input/Image/ISIC_0032484.jpg,NV,BKL
/home/grads/k/kaihe/Documents/ISIC/Task3/ISIC2018_Task3_Training_Input/Image/ISIC_0032490.jpg,NV,BKL
/home/grads/k/kaihe/Documents/ISIC/Task3/ISIC2018_Task3_Training_Input/Image/ISIC_0032508.jpg,BKL,NV
/home/grads/k/kaihe/Documents/ISIC/Task3/ISIC2018_Task3_Training_Input/Image/ISIC_0032509.jpg,MEL,NV
/home/grads/k/kaihe/Documents/ISIC/Task3/ISIC2018_Task3_Training_Input/Image/ISIC_0032511.jpg,MEL,BKL
/home/grads/k/kaihe/Documents/ISIC/Task3/ISIC2018_Task3_Training_Input/Image/ISIC_0032519.jpg,NV,BCC
/home/grads/k/kaihe/Documents/ISIC/Task3/ISIC2018_Task3_Training_Input/Image/ISIC_0032524.jpg,NV,MEL
/home/grads/k/kaihe/Documents/ISIC/Task3/ISIC2018_Task3_Training_Input/Image/ISIC_0032526.jpg,MEL,NV
/home/grads/k/kaihe/Documents/ISIC/Task3/ISIC2018_Task3_Training_Input/Image/ISIC_0032530.jpg,NV,BKL
/home/grads/k/kaihe/Documents/ISIC/Task3/ISIC2018_Task3_Training_Input/Image/ISIC_0032532.jpg,MEL,BKL
/home/grads/k/kaihe/Documents/ISIC/Task3/ISIC2018_Task3_Training_Input/Image/ISIC_0032533.jpg,MEL,NV
/home/grads/k/kaihe/Documents/ISIC/Task3/ISIC2018_Task3_Training_Input/Image/ISIC_0032536.jpg,BCC,AKIEC
/home/grads/k/kaihe/Documents/ISIC/Task3/ISIC2018_Task3_Training_Input/Image/ISIC_0032548.jpg,NV,BKL
/home/grads/k/kaihe/Documents/ISIC/Task3/ISIC2018_Task3_Training_Input/Image/ISIC_0032549.jpg,NV,MEL
/home/grads/k/kaihe/Documents/ISIC/Task3/ISIC2018_Task3_Training_Input/Image/ISIC_0032552.jpg,MEL,NV
/home/grads/k/kaihe/Documents/ISIC/Task3/ISIC2018_Task3_Training_Input/Image/ISIC_0032555.jpg,NV,MEL
/home/grads/k/kaihe/Documents/ISIC/Task3/ISIC2018_Task3_Training_Input/Image/ISIC_0032556.jpg,BKL,NV
/home/grads/k/kaihe/Documents/ISIC/Task3/ISIC2018_Task3_Training_Input/Image/ISIC_0032559.jpg,MEL,BKL
/home/grads/k/kaihe/Documents/ISIC/Task3/ISIC2018_Task3_Training_Input/Image/ISIC_0032560.jpg,NV,MEL
/home/grads/k/kaihe/Documents/ISIC/Task3/ISIC2018_Task3_Training_Input/Image/ISIC_0032562.jpg,NV,BKL
/home/grads/k/kaihe/Documents/ISIC/Task3/ISIC2018_Task3_Training_Input/Image/ISIC_0032563.jpg,NV,VASC
/home/grads/k/kaihe/Documents/ISIC/Task3/ISIC2018_Task3_Training_Input/Image/ISIC_0032564.jpg,MEL,BKL
/home/grads/k/kaihe/Documents/ISIC/Task3/ISIC2018_Task3_Training_Input/Image/ISIC_0032569.jpg,MEL,NV
/home/grads/k/kaihe/Documents/ISIC/Task3/ISIC2018_Task3_Training_Input/Image/ISIC_0032572.jpg,NV,MEL
/home/grads/k/kaihe/Documents/ISIC/Task3/ISIC2018_Task3_Training_Input/Image/ISIC_0032577.jpg,NV,MEL
/home/grads/k/kaihe/Documents/ISIC/Task3/ISIC2018_Task3_Training_Input/Image/ISIC_0032580.jpg,NV,MEL
/home/grads/k/kaihe/Documents/ISIC/Task3/ISIC2018_Task3_Training_Input/Image/ISIC_0032583.jpg,MEL,BKL
/home/grads/k/kaihe/Documents/ISIC/Task3/ISIC2018_Task3_Training_Input/Image/ISIC_0032592.jpg,MEL,VASC
/home/grads/k/kaihe/Documents/ISIC/Task3/ISIC2018_Task3_Training_Input/Image/ISIC_0032593.jpg,NV,MEL
/home/grads/k/kaihe/Documents/ISIC/Task3/ISIC2018_Task3_Training_Input/Image/ISIC_0032598.jpg,MEL,NV
/home/grads/k/kaihe/Documents/ISIC/Task3/ISIC2018_Task3_Training_Input/Image/ISIC_0032603.jpg,MEL,NV
/home/grads/k/kaihe/Documents/ISIC/Task3/ISIC2018_Task3_Training_Input/Image/ISIC_0032610.jpg,MEL,NV
/home/grads/k/kaihe/Documents/ISIC/Task3/ISIC2018_Task3_Training_Input/Image/ISIC_0032611.jpg,BCC,AKIEC
/home/grads/k/kaihe/Documents/ISIC/Task3/ISIC2018_Task3_Training_Input/Image/ISIC_0032612.jpg,NV,MEL
/home/grads/k/kaihe/Documents/ISIC/Task3/ISIC2018_Task3_Training_Input/Image/ISIC_0032613.jpg,DF,MEL
/home/grads/k/kaihe/Documents/ISIC/Task3/ISIC2018_Task3_Training_Input/Image/ISIC_0032618.jpg,BKL,MEL
/home/grads/k/kaihe/Documents/ISIC/Task3/ISIC2018_Task3_Training_Input/Image/ISIC_0032620.jpg,NV,MEL
/home/grads/k/kaihe/Documents/ISIC/Task3/ISIC2018_Task3_Training_Input/Image/ISIC_0032622.jpg,MEL,NV
/home/grads/k/kaihe/Documents/ISIC/Task3/ISIC2018_Task3_Training_Input/Image/ISIC_0032624.jpg,MEL,NV
/home/grads/k/kaihe/Documents/ISIC/Task3/ISIC2018_Task3_Training_Input/Image/ISIC_0032626.jpg,MEL,BKL
/home/grads/k/kaihe/Documents/ISIC/Task3/ISIC2018_Task3_Training_Input/Image/ISIC_0032627.jpg,NV,MEL
/home/grads/k/kaihe/Documents/ISIC/Task3/ISIC2018_Task3_Training_Input/Image/ISIC_0032629.jpg,MEL,NV
/home/grads/k/kaihe/Documents/ISIC/Task3/ISIC2018_Task3_Training_Input/Image/ISIC_0032642.jpg,DF,NV
/home/grads/k/kaihe/Documents/ISIC/Task3/ISIC2018_Task3_Training_Input/Image/ISIC_0032643.jpg,BKL,NV
/home/grads/k/kaihe/Documents/ISIC/Task3/ISIC2018_Task3_Training_Input/Image/ISIC_0032645.jpg,MEL,BKL
/home/grads/k/kaihe/Documents/ISIC/Task3/ISIC2018_Task3_Training_Input/Image/ISIC_0032646.jpg,NV,MEL
/home/grads/k/kaihe/Documents/ISIC/Task3/ISIC2018_Task3_Training_Input/Image/ISIC_0032652.jpg,BCC,AKIEC
/home/grads/k/kaihe/Documents/ISIC/Task3/ISIC2018_Task3_Training_Input/Image/ISIC_0032653.jpg,MEL,NV
/home/grads/k/kaihe/Documents/ISIC/Task3/ISIC2018_Task3_Training_Input/Image/ISIC_0032654.jpg,BKL,NV
/home/grads/k/kaihe/Documents/ISIC/Task3/ISIC2018_Task3_Training_Input/Image/ISIC_0032655.jpg,BKL,NV
/home/grads/k/kaihe/Documents/ISIC/Task3/ISIC2018_Task3_Training_Input/Image/ISIC_0032656.jpg,MEL,BCC
/home/grads/k/kaihe/Documents/ISIC/Task3/ISIC2018_Task3_Training_Input/Image/ISIC_0032661.jpg,NV,MEL
/home/grads/k/kaihe/Documents/ISIC/Task3/ISIC2018_Task3_Training_Input/Image/ISIC_0032672.jpg,MEL,NV
/home/grads/k/kaihe/Documents/ISIC/Task3/ISIC2018_Task3_Training_Input/Image/ISIC_0032675.jpg,BKL,NV
/home/grads/k/kaihe/Documents/ISIC/Task3/ISIC2018_Task3_Training_Input/Image/ISIC_0032681.jpg,BKL,MEL
/home/grads/k/kaihe/Documents/ISIC/Task3/ISIC2018_Task3_Training_Input/Image/ISIC_0032690.jpg,MEL,BKL
/home/grads/k/kaihe/Documents/ISIC/Task3/ISIC2018_Task3_Training_Input/Image/ISIC_0032699.jpg,MEL,BKL
/home/grads/k/kaihe/Documents/ISIC/Task3/ISIC2018_Task3_Training_Input/Image/ISIC_0032710.jpg,NV,MEL
/home/grads/k/kaihe/Documents/ISIC/Task3/ISIC2018_Task3_Training_Input/Image/ISIC_0032712.jpg,NV,MEL
/home/grads/k/kaihe/Documents/ISIC/Task3/ISIC2018_Task3_Training_Input/Image/ISIC_0032718.jpg,MEL,BCC
/home/grads/k/kaihe/Documents/ISIC/Task3/ISIC2018_Task3_Training_Input/Image/ISIC_0032722.jpg,MEL,NV
/home/grads/k/kaihe/Documents/ISIC/Task3/ISIC2018_Task3_Training_Input/Image/ISIC_0032726.jpg,MEL,BKL
/home/grads/k/kaihe/Documents/ISIC/Task3/ISIC2018_Task3_Training_Input/Image/ISIC_0032727.jpg,BCC,AKIEC
/home/grads/k/kaihe/Documents/ISIC/Task3/ISIC2018_Task3_Training_Input/Image/ISIC_0032732.jpg,BKL,NV
/home/grads/k/kaihe/Documents/ISIC/Task3/ISIC2018_Task3_Training_Input/Image/ISIC_0032733.jpg,MEL,BKL
/home/grads/k/kaihe/Documents/ISIC/Task3/ISIC2018_Task3_Training_Input/Image/ISIC_0032736.jpg,MEL,BCC
/home/grads/k/kaihe/Documents/ISIC/Task3/ISIC2018_Task3_Training_Input/Image/ISIC_0032741.jpg,BCC,BKL
/home/grads/k/kaihe/Documents/ISIC/Task3/ISIC2018_Task3_Training_Input/Image/ISIC_0032744.jpg,NV,BKL
/home/grads/k/kaihe/Documents/ISIC/Task3/ISIC2018_Task3_Training_Input/Image/ISIC_0032745.jpg,VASC,BKL
/home/grads/k/kaihe/Documents/ISIC/Task3/ISIC2018_Task3_Training_Input/Image/ISIC_0032749.jpg,NV,MEL
/home/grads/k/kaihe/Documents/ISIC/Task3/ISIC2018_Task3_Training_Input/Image/ISIC_0032750.jpg,MEL,NV
/home/grads/k/kaihe/Documents/ISIC/Task3/ISIC2018_Task3_Training_Input/Image/ISIC_0032757.jpg,BKL,NV
/home/grads/k/kaihe/Documents/ISIC/Task3/ISIC2018_Task3_Training_Input/Image/ISIC_0032763.jpg,BKL,NV
/home/grads/k/kaihe/Documents/ISIC/Task3/ISIC2018_Task3_Training_Input/Image/ISIC_0032764.jpg,NV,MEL
/home/grads/k/kaihe/Documents/ISIC/Task3/ISIC2018_Task3_Training_Input/Image/ISIC_0032766.jpg,MEL,NV
/home/grads/k/kaihe/Documents/ISIC/Task3/ISIC2018_Task3_Training_Input/Image/ISIC_0032768.jpg,BCC,NV
/home/grads/k/kaihe/Documents/ISIC/Task3/ISIC2018_Task3_Training_Input/Image/ISIC_0032773.jpg,BKL,MEL
/home/grads/k/kaihe/Documents/ISIC/Task3/ISIC2018_Task3_Training_Input/Image/ISIC_0032777.jpg,BCC,VASC
/home/grads/k/kaihe/Documents/ISIC/Task3/ISIC2018_Task3_Training_Input/Image/ISIC_0032778.jpg,BKL,NV
/home/grads/k/kaihe/Documents/ISIC/Task3/ISIC2018_Task3_Training_Input/Image/ISIC_0032782.jpg,MEL,BKL
/home/grads/k/kaihe/Documents/ISIC/Task3/ISIC2018_Task3_Training_Input/Image/ISIC_0032788.jpg,NV,BCC
/home/grads/k/kaihe/Documents/ISIC/Task3/ISIC2018_Task3_Training_Input/Image/ISIC_0032790.jpg,MEL,NV
/home/grads/k/kaihe/Documents/ISIC/Task3/ISIC2018_Task3_Training_Input/Image/ISIC_0032797.jpg,MEL,NV
/home/grads/k/kaihe/Documents/ISIC/Task3/ISIC2018_Task3_Training_Input/Image/ISIC_0032807.jpg,MEL,BKL
/home/grads/k/kaihe/Documents/ISIC/Task3/ISIC2018_Task3_Training_Input/Image/ISIC_0032808.jpg,BCC,NV
/home/grads/k/kaihe/Documents/ISIC/Task3/ISIC2018_Task3_Training_Input/Image/ISIC_0032812.jpg,MEL,NV
/home/grads/k/kaihe/Documents/ISIC/Task3/ISIC2018_Task3_Training_Input/Image/ISIC_0032816.jpg,BCC,NV
/home/grads/k/kaihe/Documents/ISIC/Task3/ISIC2018_Task3_Training_Input/Image/ISIC_0032826.jpg,BKL,NV
/home/grads/k/kaihe/Documents/ISIC/Task3/ISIC2018_Task3_Training_Input/Image/ISIC_0032827.jpg,BKL,MEL
/home/grads/k/kaihe/Documents/ISIC/Task3/ISIC2018_Task3_Training_Input/Image/ISIC_0032833.jpg,MEL,NV
/home/grads/k/kaihe/Documents/ISIC/Task3/ISIC2018_Task3_Training_Input/Image/ISIC_0032835.jpg,BKL,MEL
/home/grads/k/kaihe/Documents/ISIC/Task3/ISIC2018_Task3_Training_Input/Image/ISIC_0032836.jpg,MEL,NV
/home/grads/k/kaihe/Documents/ISIC/Task3/ISIC2018_Task3_Training_Input/Image/ISIC_0032841.jpg,MEL,NV
/home/grads/k/kaihe/Documents/ISIC/Task3/ISIC2018_Task3_Training_Input/Image/ISIC_0032845.jpg,MEL,NV
/home/grads/k/kaihe/Documents/ISIC/Task3/ISIC2018_Task3_Training_Input/Image/ISIC_0032854.jpg,AKIEC,BKL
/home/grads/k/kaihe/Documents/ISIC/Task3/ISIC2018_Task3_Training_Input/Image/ISIC_0032860.jpg,NV,MEL
/home/grads/k/kaihe/Documents/ISIC/Task3/ISIC2018_Task3_Training_Input/Image/ISIC_0032862.jpg,MEL,VASC
/home/grads/k/kaihe/Documents/ISIC/Task3/ISIC2018_Task3_Training_Input/Image/ISIC_0032863.jpg,BKL,NV
/home/grads/k/kaihe/Documents/ISIC/Task3/ISIC2018_Task3_Training_Input/Image/ISIC_0032867.jpg,VASC,NV
/home/grads/k/kaihe/Documents/ISIC/Task3/ISIC2018_Task3_Training_Input/Image/ISIC_0032870.jpg,MEL,BKL
/home/grads/k/kaihe/Documents/ISIC/Task3/ISIC2018_Task3_Training_Input/Image/ISIC_0032872.jpg,MEL,BKL
/home/grads/k/kaihe/Documents/ISIC/Task3/ISIC2018_Task3_Training_Input/Image/ISIC_0032874.jpg,NV,MEL
/home/grads/k/kaihe/Documents/ISIC/Task3/ISIC2018_Task3_Training_Input/Image/ISIC_0032875.jpg,MEL,NV
/home/grads/k/kaihe/Documents/ISIC/Task3/ISIC2018_Task3_Training_Input/Image/ISIC_0032883.jpg,BKL,MEL
/home/grads/k/kaihe/Documents/ISIC/Task3/ISIC2018_Task3_Training_Input/Image/ISIC_0032887.jpg,MEL,NV
/home/grads/k/kaihe/Documents/ISIC/Task3/ISIC2018_Task3_Training_Input/Image/ISIC_0032888.jpg,MEL,BKL
/home/grads/k/kaihe/Documents/ISIC/Task3/ISIC2018_Task3_Training_Input/Image/ISIC_0032897.jpg,AKIEC,BKL
/home/grads/k/kaihe/Documents/ISIC/Task3/ISIC2018_Task3_Training_Input/Image/ISIC_0032898.jpg,BKL,NV
/home/grads/k/kaihe/Documents/ISIC/Task3/ISIC2018_Task3_Training_Input/Image/ISIC_0032903.jpg,MEL,NV
/home/grads/k/kaihe/Documents/ISIC/Task3/ISIC2018_Task3_Training_Input/Image/ISIC_0032905.jpg,NV,MEL
/home/grads/k/kaihe/Documents/ISIC/Task3/ISIC2018_Task3_Training_Input/Image/ISIC_0032910.jpg,NV,BKL
/home/grads/k/kaihe/Documents/ISIC/Task3/ISIC2018_Task3_Training_Input/Image/ISIC_0032915.jpg,MEL,AKIEC
/home/grads/k/kaihe/Documents/ISIC/Task3/ISIC2018_Task3_Training_Input/Image/ISIC_0032918.jpg,MEL,BKL
/home/grads/k/kaihe/Documents/ISIC/Task3/ISIC2018_Task3_Training_Input/Image/ISIC_0032924.jpg,NV,MEL
/home/grads/k/kaihe/Documents/ISIC/Task3/ISIC2018_Task3_Training_Input/Image/ISIC_0032927.jpg,MEL,NV
/home/grads/k/kaihe/Documents/ISIC/Task3/ISIC2018_Task3_Training_Input/Image/ISIC_0032931.jpg,NV,MEL
/home/grads/k/kaihe/Documents/ISIC/Task3/ISIC2018_Task3_Training_Input/Image/ISIC_0032934.jpg,NV,BKL
/home/grads/k/kaihe/Documents/ISIC/Task3/ISIC2018_Task3_Training_Input/Image/ISIC_0032941.jpg,DF,MEL
/home/grads/k/kaihe/Documents/ISIC/Task3/ISIC2018_Task3_Training_Input/Image/ISIC_0032947.jpg,AKIEC,BKL
/home/grads/k/kaihe/Documents/ISIC/Task3/ISIC2018_Task3_Training_Input/Image/ISIC_0032955.jpg,MEL,NV
/home/grads/k/kaihe/Documents/ISIC/Task3/ISIC2018_Task3_Training_Input/Image/ISIC_0032959.jpg,BCC,NV
/home/grads/k/kaihe/Documents/ISIC/Task3/ISIC2018_Task3_Training_Input/Image/ISIC_0032960.jpg,MEL,AKIEC
/home/grads/k/kaihe/Documents/ISIC/Task3/ISIC2018_Task3_Training_Input/Image/ISIC_0032978.jpg,BKL,MEL
/home/grads/k/kaihe/Documents/ISIC/Task3/ISIC2018_Task3_Training_Input/Image/ISIC_0032979.jpg,NV,AKIEC
/home/grads/k/kaihe/Documents/ISIC/Task3/ISIC2018_Task3_Training_Input/Image/ISIC_0032981.jpg,MEL,NV
/home/grads/k/kaihe/Documents/ISIC/Task3/ISIC2018_Task3_Training_Input/Image/ISIC_0032982.jpg,MEL,NV
/home/grads/k/kaihe/Documents/ISIC/Task3/ISIC2018_Task3_Training_Input/Image/ISIC_0032984.jpg,MEL,BKL
/home/grads/k/kaihe/Documents/ISIC/Task3/ISIC2018_Task3_Training_Input/Image/ISIC_0032986.jpg,NV,MEL
/home/grads/k/kaihe/Documents/ISIC/Task3/ISIC2018_Task3_Training_Input/Image/ISIC_0032990.jpg,NV,BKL
/home/grads/k/kaihe/Documents/ISIC/Task3/ISIC2018_Task3_Training_Input/Image/ISIC_0033004.jpg,MEL,NV
/home/grads/k/kaihe/Documents/ISIC/Task3/ISIC2018_Task3_Training_Input/Image/ISIC_0033005.jpg,DF,NV
/home/grads/k/kaihe/Documents/ISIC/Task3/ISIC2018_Task3_Training_Input/Image/ISIC_0033007.jpg,NV,BKL
/home/grads/k/kaihe/Documents/ISIC/Task3/ISIC2018_Task3_Training_Input/Image/ISIC_0033016.jpg,NV,MEL
/home/grads/k/kaihe/Documents/ISIC/Task3/ISIC2018_Task3_Training_Input/Image/ISIC_0033019.jpg,BCC,BKL
/home/grads/k/kaihe/Documents/ISIC/Task3/ISIC2018_Task3_Training_Input/Image/ISIC_0033020.jpg,BCC,NV
/home/grads/k/kaihe/Documents/ISIC/Task3/ISIC2018_Task3_Training_Input/Image/ISIC_0033024.jpg,MEL,NV
/home/grads/k/kaihe/Documents/ISIC/Task3/ISIC2018_Task3_Training_Input/Image/ISIC_0033027.jpg,MEL,BKL
/home/grads/k/kaihe/Documents/ISIC/Task3/ISIC2018_Task3_Training_Input/Image/ISIC_0033029.jpg,MEL,NV
/home/grads/k/kaihe/Documents/ISIC/Task3/ISIC2018_Task3_Training_Input/Image/ISIC_0033037.jpg,MEL,BKL
/home/grads/k/kaihe/Documents/ISIC/Task3/ISIC2018_Task3_Training_Input/Image/ISIC_0033041.jpg,BKL,MEL
/home/grads/k/kaihe/Documents/ISIC/Task3/ISIC2018_Task3_Training_Input/Image/ISIC_0033042.jpg,MEL,NV
/home/grads/k/kaihe/Documents/ISIC/Task3/ISIC2018_Task3_Training_Input/Image/ISIC_0033047.jpg,MEL,NV
/home/grads/k/kaihe/Documents/ISIC/Task3/ISIC2018_Task3_Training_Input/Image/ISIC_0033050.jpg,MEL,BKL
/home/grads/k/kaihe/Documents/ISIC/Task3/ISIC2018_Task3_Training_Input/Image/ISIC_0033051.jpg,MEL,VASC
/home/grads/k/kaihe/Documents/ISIC/Task3/ISIC2018_Task3_Training_Input/Image/ISIC_0033054.jpg,BCC,BKL
/home/grads/k/kaihe/Documents/ISIC/Task3/ISIC2018_Task3_Training_Input/Image/ISIC_0033055.jpg,MEL,NV
/home/grads/k/kaihe/Documents/ISIC/Task3/ISIC2018_Task3_Training_Input/Image/ISIC_0033057.jpg,NV,MEL
/home/grads/k/kaihe/Documents/ISIC/Task3/ISIC2018_Task3_Training_Input/Image/ISIC_0033058.jpg,NV,MEL
/home/grads/k/kaihe/Documents/ISIC/Task3/ISIC2018_Task3_Training_Input/Image/ISIC_0033061.jpg,MEL,VASC
/home/grads/k/kaihe/Documents/ISIC/Task3/ISIC2018_Task3_Training_Input/Image/ISIC_0033073.jpg,MEL,NV
/home/grads/k/kaihe/Documents/ISIC/Task3/ISIC2018_Task3_Training_Input/Image/ISIC_0033074.jpg,MEL,NV
/home/grads/k/kaihe/Documents/ISIC/Task3/ISIC2018_Task3_Training_Input/Image/ISIC_0033081.jpg,MEL,NV
/home/grads/k/kaihe/Documents/ISIC/Task3/ISIC2018_Task3_Training_Input/Image/ISIC_0033084.jpg,AKIEC,DF
/home/grads/k/kaihe/Documents/ISIC/Task3/ISIC2018_Task3_Training_Input/Image/ISIC_0033088.jpg,BKL,NV
/home/grads/k/kaihe/Documents/ISIC/Task3/ISIC2018_Task3_Training_Input/Image/ISIC_0033089.jpg,MEL,BKL
/home/grads/k/kaihe/Documents/ISIC/Task3/ISIC2018_Task3_Training_Input/Image/ISIC_0033096.jpg,NV,BKL
/home/grads/k/kaihe/Documents/ISIC/Task3/ISIC2018_Task3_Training_Input/Image/ISIC_0033100.jpg,NV,BCC
/home/grads/k/kaihe/Documents/ISIC/Task3/ISIC2018_Task3_Training_Input/Image/ISIC_0033106.jpg,NV,MEL
/home/grads/k/kaihe/Documents/ISIC/Task3/ISIC2018_Task3_Training_Input/Image/ISIC_0033110.jpg,NV,MEL
/home/grads/k/kaihe/Documents/ISIC/Task3/ISIC2018_Task3_Training_Input/Image/ISIC_0033112.jpg,NV,BKL
/home/grads/k/kaihe/Documents/ISIC/Task3/ISIC2018_Task3_Training_Input/Image/ISIC_0033114.jpg,MEL,BKL
/home/grads/k/kaihe/Documents/ISIC/Task3/ISIC2018_Task3_Training_Input/Image/ISIC_0033120.jpg,MEL,NV
/home/grads/k/kaihe/Documents/ISIC/Task3/ISIC2018_Task3_Training_Input/Image/ISIC_0033122.jpg,MEL,NV
/home/grads/k/kaihe/Documents/ISIC/Task3/ISIC2018_Task3_Training_Input/Image/ISIC_0033124.jpg,BKL,AKIEC
/home/grads/k/kaihe/Documents/ISIC/Task3/ISIC2018_Task3_Training_Input/Image/ISIC_0033127.jpg,BKL,MEL
/home/grads/k/kaihe/Documents/ISIC/Task3/ISIC2018_Task3_Training_Input/Image/ISIC_0033128.jpg,NV,MEL
/home/grads/k/kaihe/Documents/ISIC/Task3/ISIC2018_Task3_Training_Input/Image/ISIC_0033132.jpg,NV,MEL
/home/grads/k/kaihe/Documents/ISIC/Task3/ISIC2018_Task3_Training_Input/Image/ISIC_0033136.jpg,NV,VASC
/home/grads/k/kaihe/Documents/ISIC/Task3/ISIC2018_Task3_Training_Input/Image/ISIC_0033140.jpg,NV,MEL
/home/grads/k/kaihe/Documents/ISIC/Task3/ISIC2018_Task3_Training_Input/Image/ISIC_0033141.jpg,MEL,NV
/home/grads/k/kaihe/Documents/ISIC/Task3/ISIC2018_Task3_Training_Input/Image/ISIC_0033151.jpg,AKIEC,BKL
/home/grads/k/kaihe/Documents/ISIC/Task3/ISIC2018_Task3_Training_Input/Image/ISIC_0033152.jpg,MEL,NV
/home/grads/k/kaihe/Documents/ISIC/Task3/ISIC2018_Task3_Training_Input/Image/ISIC_0033154.jpg,MEL,NV
/home/grads/k/kaihe/Documents/ISIC/Task3/ISIC2018_Task3_Training_Input/Image/ISIC_0033156.jpg,BKL,MEL
/home/grads/k/kaihe/Documents/ISIC/Task3/ISIC2018_Task3_Training_Input/Image/ISIC_0033165.jpg,NV,BKL
/home/grads/k/kaihe/Documents/ISIC/Task3/ISIC2018_Task3_Training_Input/Image/ISIC_0033166.jpg,MEL,NV
/home/grads/k/kaihe/Documents/ISIC/Task3/ISIC2018_Task3_Training_Input/Image/ISIC_0033167.jpg,NV,MEL
/home/grads/k/kaihe/Documents/ISIC/Task3/ISIC2018_Task3_Training_Input/Image/ISIC_0033175.jpg,MEL,NV
/home/grads/k/kaihe/Documents/ISIC/Task3/ISIC2018_Task3_Training_Input/Image/ISIC_0033178.jpg,MEL,NV
/home/grads/k/kaihe/Documents/ISIC/Task3/ISIC2018_Task3_Training_Input/Image/ISIC_0033180.jpg,MEL,VASC
/home/grads/k/kaihe/Documents/ISIC/Task3/ISIC2018_Task3_Training_Input/Image/ISIC_0033183.jpg,MEL,BKL
/home/grads/k/kaihe/Documents/ISIC/Task3/ISIC2018_Task3_Training_Input/Image/ISIC_0033196.jpg,MEL,NV
/home/grads/k/kaihe/Documents/ISIC/Task3/ISIC2018_Task3_Training_Input/Image/ISIC_0033198.jpg,MEL,BKL
/home/grads/k/kaihe/Documents/ISIC/Task3/ISIC2018_Task3_Training_Input/Image/ISIC_0033203.jpg,BCC,NV
/home/grads/k/kaihe/Documents/ISIC/Task3/ISIC2018_Task3_Training_Input/Image/ISIC_0033205.jpg,BCC,NV
/home/grads/k/kaihe/Documents/ISIC/Task3/ISIC2018_Task3_Training_Input/Image/ISIC_0033208.jpg,NV,BKL
/home/grads/k/kaihe/Documents/ISIC/Task3/ISIC2018_Task3_Training_Input/Image/ISIC_0033209.jpg,MEL,BKL
/home/grads/k/kaihe/Documents/ISIC/Task3/ISIC2018_Task3_Training_Input/Image/ISIC_0033216.jpg,MEL,NV
/home/grads/k/kaihe/Documents/ISIC/Task3/ISIC2018_Task3_Training_Input/Image/ISIC_0033217.jpg,MEL,BKL
/home/grads/k/kaihe/Documents/ISIC/Task3/ISIC2018_Task3_Training_Input/Image/ISIC_0033218.jpg,BCC,BKL
/home/grads/k/kaihe/Documents/ISIC/Task3/ISIC2018_Task3_Training_Input/Image/ISIC_0033219.jpg,NV,BKL
/home/grads/k/kaihe/Documents/ISIC/Task3/ISIC2018_Task3_Training_Input/Image/ISIC_0033222.jpg,NV,MEL
/home/grads/k/kaihe/Documents/ISIC/Task3/ISIC2018_Task3_Training_Input/Image/ISIC_0033223.jpg,NV,MEL
/home/grads/k/kaihe/Documents/ISIC/Task3/ISIC2018_Task3_Training_Input/Image/ISIC_0033230.jpg,VASC,BCC
/home/grads/k/kaihe/Documents/ISIC/Task3/ISIC2018_Task3_Training_Input/Image/ISIC_0033239.jpg,MEL,NV
/home/grads/k/kaihe/Documents/ISIC/Task3/ISIC2018_Task3_Training_Input/Image/ISIC_0033241.jpg,MEL,NV
/home/grads/k/kaihe/Documents/ISIC/Task3/ISIC2018_Task3_Training_Input/Image/ISIC_0033243.jpg,NV,MEL
/home/grads/k/kaihe/Documents/ISIC/Task3/ISIC2018_Task3_Training_Input/Image/ISIC_0033249.jpg,NV,BKL
/home/grads/k/kaihe/Documents/ISIC/Task3/ISIC2018_Task3_Training_Input/Image/ISIC_0033251.jpg,NV,MEL
/home/grads/k/kaihe/Documents/ISIC/Task3/ISIC2018_Task3_Training_Input/Image/ISIC_0033252.jpg,BKL,NV
/home/grads/k/kaihe/Documents/ISIC/Task3/ISIC2018_Task3_Training_Input/Image/ISIC_0033254.jpg,VASC,MEL
/home/grads/k/kaihe/Documents/ISIC/Task3/ISIC2018_Task3_Training_Input/Image/ISIC_0033256.jpg,DF,MEL
/home/grads/k/kaihe/Documents/ISIC/Task3/ISIC2018_Task3_Training_Input/Image/ISIC_0033257.jpg,BCC,BKL
/home/grads/k/kaihe/Documents/ISIC/Task3/ISIC2018_Task3_Training_Input/Image/ISIC_0033258.jpg,MEL,BKL
/home/grads/k/kaihe/Documents/ISIC/Task3/ISIC2018_Task3_Training_Input/Image/ISIC_0033260.jpg,BKL,NV
/home/grads/k/kaihe/Documents/ISIC/Task3/ISIC2018_Task3_Training_Input/Image/ISIC_0033261.jpg,MEL,NV
/home/grads/k/kaihe/Documents/ISIC/Task3/ISIC2018_Task3_Training_Input/Image/ISIC_0033264.jpg,BKL,MEL
/home/grads/k/kaihe/Documents/ISIC/Task3/ISIC2018_Task3_Training_Input/Image/ISIC_0033267.jpg,MEL,NV
/home/grads/k/kaihe/Documents/ISIC/Task3/ISIC2018_Task3_Training_Input/Image/ISIC_0033268.jpg,MEL,NV
/home/grads/k/kaihe/Documents/ISIC/Task3/ISIC2018_Task3_Training_Input/Image/ISIC_0033270.jpg,BKL,MEL
/home/grads/k/kaihe/Documents/ISIC/Task3/ISIC2018_Task3_Training_Input/Image/ISIC_0033272.jpg,MEL,BKL
/home/grads/k/kaihe/Documents/ISIC/Task3/ISIC2018_Task3_Training_Input/Image/ISIC_0033279.jpg,MEL,NV
/home/grads/k/kaihe/Documents/ISIC/Task3/ISIC2018_Task3_Training_Input/Image/ISIC_0033287.jpg,MEL,NV
/home/grads/k/kaihe/Documents/ISIC/Task3/ISIC2018_Task3_Training_Input/Image/ISIC_0033289.jpg,NV,MEL
/home/grads/k/kaihe/Documents/ISIC/Task3/ISIC2018_Task3_Training_Input/Image/ISIC_0033294.jpg,NV,MEL
/home/grads/k/kaihe/Documents/ISIC/Task3/ISIC2018_Task3_Training_Input/Image/ISIC_0033295.jpg,AKIEC,BKL
/home/grads/k/kaihe/Documents/ISIC/Task3/ISIC2018_Task3_Training_Input/Image/ISIC_0033301.jpg,BCC,BKL
/home/grads/k/kaihe/Documents/ISIC/Task3/ISIC2018_Task3_Training_Input/Image/ISIC_0033311.jpg,NV,MEL
/home/grads/k/kaihe/Documents/ISIC/Task3/ISIC2018_Task3_Training_Input/Image/ISIC_0033312.jpg,MEL,NV
/home/grads/k/kaihe/Documents/ISIC/Task3/ISIC2018_Task3_Training_Input/Image/ISIC_0033320.jpg,MEL,NV
/home/grads/k/kaihe/Documents/ISIC/Task3/ISIC2018_Task3_Training_Input/Image/ISIC_0033321.jpg,BKL,MEL
/home/grads/k/kaihe/Documents/ISIC/Task3/ISIC2018_Task3_Training_Input/Image/ISIC_0033323.jpg,MEL,BKL
/home/grads/k/kaihe/Documents/ISIC/Task3/ISIC2018_Task3_Training_Input/Image/ISIC_0033325.jpg,MEL,BCC
/home/grads/k/kaihe/Documents/ISIC/Task3/ISIC2018_Task3_Training_Input/Image/ISIC_0033326.jpg,NV,MEL
/home/grads/k/kaihe/Documents/ISIC/Task3/ISIC2018_Task3_Training_Input/Image/ISIC_0033327.jpg,NV,MEL
/home/grads/k/kaihe/Documents/ISIC/Task3/ISIC2018_Task3_Training_Input/Image/ISIC_0033331.jpg,NV,MEL
/home/grads/k/kaihe/Documents/ISIC/Task3/ISIC2018_Task3_Training_Input/Image/ISIC_0033336.jpg,MEL,NV
/home/grads/k/kaihe/Documents/ISIC/Task3/ISIC2018_Task3_Training_Input/Image/ISIC_0033337.jpg,MEL,BKL
/home/grads/k/kaihe/Documents/ISIC/Task3/ISIC2018_Task3_Training_Input/Image/ISIC_0033338.jpg,NV,MEL
/home/grads/k/kaihe/Documents/ISIC/Task3/ISIC2018_Task3_Training_Input/Image/ISIC_0033351.jpg,NV,MEL
/home/grads/k/kaihe/Documents/ISIC/Task3/ISIC2018_Task3_Training_Input/Image/ISIC_0033355.jpg,NV,BKL
/home/grads/k/kaihe/Documents/ISIC/Task3/ISIC2018_Task3_Training_Input/Image/ISIC_0033358.jpg,AKIEC,BKL
/home/grads/k/kaihe/Documents/ISIC/Task3/ISIC2018_Task3_Training_Input/Image/ISIC_0033359.jpg,NV,MEL
/home/grads/k/kaihe/Documents/ISIC/Task3/ISIC2018_Task3_Training_Input/Image/ISIC_0033360.jpg,NV,MEL
/home/grads/k/kaihe/Documents/ISIC/Task3/ISIC2018_Task3_Training_Input/Image/ISIC_0033361.jpg,BKL,MEL
/home/grads/k/kaihe/Documents/ISIC/Task3/ISIC2018_Task3_Training_Input/Image/ISIC_0033364.jpg,NV,BKL
/home/grads/k/kaihe/Documents/ISIC/Task3/ISIC2018_Task3_Training_Input/Image/ISIC_0033366.jpg,BCC,NV
/home/grads/k/kaihe/Documents/ISIC/Task3/ISIC2018_Task3_Training_Input/Image/ISIC_0033373.jpg,NV,BKL
/home/grads/k/kaihe/Documents/ISIC/Task3/ISIC2018_Task3_Training_Input/Image/ISIC_0033376.jpg,NV,MEL
/home/grads/k/kaihe/Documents/ISIC/Task3/ISIC2018_Task3_Training_Input/Image/ISIC_0033378.jpg,BKL,NV
/home/grads/k/kaihe/Documents/ISIC/Task3/ISIC2018_Task3_Training_Input/Image/ISIC_0033387.jpg,MEL,NV
/home/grads/k/kaihe/Documents/ISIC/Task3/ISIC2018_Task3_Training_Input/Image/ISIC_0033391.jpg,BKL,BCC
/home/grads/k/kaihe/Documents/ISIC/Task3/ISIC2018_Task3_Training_Input/Image/ISIC_0033398.jpg,NV,BKL
/home/grads/k/kaihe/Documents/ISIC/Task3/ISIC2018_Task3_Training_Input/Image/ISIC_0033400.jpg,BKL,NV
/home/grads/k/kaihe/Documents/ISIC/Task3/ISIC2018_Task3_Training_Input/Image/ISIC_0033402.jpg,NV,MEL
/home/grads/k/kaihe/Documents/ISIC/Task3/ISIC2018_Task3_Training_Input/Image/ISIC_0033405.jpg,MEL,NV
/home/grads/k/kaihe/Documents/ISIC/Task3/ISIC2018_Task3_Training_Input/Image/ISIC_0033406.jpg,NV,MEL
/home/grads/k/kaihe/Documents/ISIC/Task3/ISIC2018_Task3_Training_Input/Image/ISIC_0033420.jpg,NV,MEL
/home/grads/k/kaihe/Documents/ISIC/Task3/ISIC2018_Task3_Training_Input/Image/ISIC_0033424.jpg,MEL,BKL
/home/grads/k/kaihe/Documents/ISIC/Task3/ISIC2018_Task3_Training_Input/Image/ISIC_0033429.jpg,MEL,NV
/home/grads/k/kaihe/Documents/ISIC/Task3/ISIC2018_Task3_Training_Input/Image/ISIC_0033430.jpg,NV,BKL
/home/grads/k/kaihe/Documents/ISIC/Task3/ISIC2018_Task3_Training_Input/Image/ISIC_0033431.jpg,MEL,VASC
/home/grads/k/kaihe/Documents/ISIC/Task3/ISIC2018_Task3_Training_Input/Image/ISIC_0033432.jpg,MEL,NV
/home/grads/k/kaihe/Documents/ISIC/Task3/ISIC2018_Task3_Training_Input/Image/ISIC_0033437.jpg,BKL,MEL
/home/grads/k/kaihe/Documents/ISIC/Task3/ISIC2018_Task3_Training_Input/Image/ISIC_0033438.jpg,BKL,NV
/home/grads/k/kaihe/Documents/ISIC/Task3/ISIC2018_Task3_Training_Input/Image/ISIC_0033440.jpg,MEL,BKL
/home/grads/k/kaihe/Documents/ISIC/Task3/ISIC2018_Task3_Training_Input/Image/ISIC_0033444.jpg,MEL,NV
/home/grads/k/kaihe/Documents/ISIC/Task3/ISIC2018_Task3_Training_Input/Image/ISIC_0033447.jpg,NV,MEL
/home/grads/k/kaihe/Documents/ISIC/Task3/ISIC2018_Task3_Training_Input/Image/ISIC_0033450.jpg,VASC,MEL
/home/grads/k/kaihe/Documents/ISIC/Task3/ISIC2018_Task3_Training_Input/Image/ISIC_0033451.jpg,NV,MEL
/home/grads/k/kaihe/Documents/ISIC/Task3/ISIC2018_Task3_Training_Input/Image/ISIC_0033454.jpg,MEL,NV
/home/grads/k/kaihe/Documents/ISIC/Task3/ISIC2018_Task3_Training_Input/Image/ISIC_0033459.jpg,NV,MEL
/home/grads/k/kaihe/Documents/ISIC/Task3/ISIC2018_Task3_Training_Input/Image/ISIC_0033463.jpg,NV,MEL
/home/grads/k/kaihe/Documents/ISIC/Task3/ISIC2018_Task3_Training_Input/Image/ISIC_0033464.jpg,NV,MEL
/home/grads/k/kaihe/Documents/ISIC/Task3/ISIC2018_Task3_Training_Input/Image/ISIC_0033466.jpg,BKL,NV
/home/grads/k/kaihe/Documents/ISIC/Task3/ISIC2018_Task3_Training_Input/Image/ISIC_0033468.jpg,BCC,MEL
/home/grads/k/kaihe/Documents/ISIC/Task3/ISIC2018_Task3_Training_Input/Image/ISIC_0033469.jpg,MEL,BKL
/home/grads/k/kaihe/Documents/ISIC/Task3/ISIC2018_Task3_Training_Input/Image/ISIC_0033471.jpg,NV,MEL
/home/grads/k/kaihe/Documents/ISIC/Task3/ISIC2018_Task3_Training_Input/Image/ISIC_0033480.jpg,BKL,MEL
/home/grads/k/kaihe/Documents/ISIC/Task3/ISIC2018_Task3_Training_Input/Image/ISIC_0033483.jpg,BCC,MEL
/home/grads/k/kaihe/Documents/ISIC/Task3/ISIC2018_Task3_Training_Input/Image/ISIC_0033485.jpg,MEL,NV
/home/grads/k/kaihe/Documents/ISIC/Task3/ISIC2018_Task3_Training_Input/Image/ISIC_0033486.jpg,BKL,NV
/home/grads/k/kaihe/Documents/ISIC/Task3/ISIC2018_Task3_Training_Input/Image/ISIC_0033487.jpg,MEL,BCC
/home/grads/k/kaihe/Documents/ISIC/Task3/ISIC2018_Task3_Training_Input/Image/ISIC_0033492.jpg,NV,MEL
/home/grads/k/kaihe/Documents/ISIC/Task3/ISIC2018_Task3_Training_Input/Image/ISIC_0033493.jpg,NV,MEL
/home/grads/k/kaihe/Documents/ISIC/Task3/ISIC2018_Task3_Training_Input/Image/ISIC_0033494.jpg,AKIEC,BKL
/home/grads/k/kaihe/Documents/ISIC/Task3/ISIC2018_Task3_Training_Input/Image/ISIC_0033499.jpg,BCC,BKL
/home/grads/k/kaihe/Documents/ISIC/Task3/ISIC2018_Task3_Training_Input/Image/ISIC_0033500.jpg,MEL,NV
/home/grads/k/kaihe/Documents/ISIC/Task3/ISIC2018_Task3_Training_Input/Image/ISIC_0033501.jpg,NV,MEL
/home/grads/k/kaihe/Documents/ISIC/Task3/ISIC2018_Task3_Training_Input/Image/ISIC_0033503.jpg,NV,BKL
/home/grads/k/kaihe/Documents/ISIC/Task3/ISIC2018_Task3_Training_Input/Image/ISIC_0033512.jpg,NV,BCC
/home/grads/k/kaihe/Documents/ISIC/Task3/ISIC2018_Task3_Training_Input/Image/ISIC_0033514.jpg,NV,MEL
/home/grads/k/kaihe/Documents/ISIC/Task3/ISIC2018_Task3_Training_Input/Image/ISIC_0033520.jpg,MEL,NV
/home/grads/k/kaihe/Documents/ISIC/Task3/ISIC2018_Task3_Training_Input/Image/ISIC_0033526.jpg,MEL,BKL
/home/grads/k/kaihe/Documents/ISIC/Task3/ISIC2018_Task3_Training_Input/Image/ISIC_0033529.jpg,BKL,NV
/home/grads/k/kaihe/Documents/ISIC/Task3/ISIC2018_Task3_Training_Input/Image/ISIC_0033533.jpg,MEL,BKL
/home/grads/k/kaihe/Documents/ISIC/Task3/ISIC2018_Task3_Training_Input/Image/ISIC_0033534.jpg,MEL,BKL
/home/grads/k/kaihe/Documents/ISIC/Task3/ISIC2018_Task3_Training_Input/Image/ISIC_0033546.jpg,MEL,NV
/home/grads/k/kaihe/Documents/ISIC/Task3/ISIC2018_Task3_Training_Input/Image/ISIC_0033562.jpg,MEL,BKL
/home/grads/k/kaihe/Documents/ISIC/Task3/ISIC2018_Task3_Training_Input/Image/ISIC_0033576.jpg,BKL,MEL
/home/grads/k/kaihe/Documents/ISIC/Task3/ISIC2018_Task3_Training_Input/Image/ISIC_0033578.jpg,MEL,BKL
/home/grads/k/kaihe/Documents/ISIC/Task3/ISIC2018_Task3_Training_Input/Image/ISIC_0033579.jpg,BCC,NV
/home/grads/k/kaihe/Documents/ISIC/Task3/ISIC2018_Task3_Training_Input/Image/ISIC_0033582.jpg,BKL,NV
/home/grads/k/kaihe/Documents/ISIC/Task3/ISIC2018_Task3_Training_Input/Image/ISIC_0033585.jpg,NV,BKL
/home/grads/k/kaihe/Documents/ISIC/Task3/ISIC2018_Task3_Training_Input/Image/ISIC_0033586.jpg,MEL,NV
/home/grads/k/kaihe/Documents/ISIC/Task3/ISIC2018_Task3_Training_Input/Image/ISIC_0033587.jpg,BKL,MEL
/home/grads/k/kaihe/Documents/ISIC/Task3/ISIC2018_Task3_Training_Input/Image/ISIC_0033594.jpg,MEL,NV
/home/grads/k/kaihe/Documents/ISIC/Task3/ISIC2018_Task3_Training_Input/Image/ISIC_0033603.jpg,MEL,AKIEC
/home/grads/k/kaihe/Documents/ISIC/Task3/ISIC2018_Task3_Training_Input/Image/ISIC_0033610.jpg,NV,BCC
/home/grads/k/kaihe/Documents/ISIC/Task3/ISIC2018_Task3_Training_Input/Image/ISIC_0033612.jpg,MEL,NV
/home/grads/k/kaihe/Documents/ISIC/Task3/ISIC2018_Task3_Training_Input/Image/ISIC_0033615.jpg,NV,MEL
/home/grads/k/kaihe/Documents/ISIC/Task3/ISIC2018_Task3_Training_Input/Image/ISIC_0033617.jpg,NV,MEL
/home/grads/k/kaihe/Documents/ISIC/Task3/ISIC2018_Task3_Training_Input/Image/ISIC_0033619.jpg,MEL,NV
/home/grads/k/kaihe/Documents/ISIC/Task3/ISIC2018_Task3_Training_Input/Image/ISIC_0033620.jpg,BKL,NV
/home/grads/k/kaihe/Documents/ISIC/Task3/ISIC2018_Task3_Training_Input/Image/ISIC_0033626.jpg,DF,MEL
/home/grads/k/kaihe/Documents/ISIC/Task3/ISIC2018_Task3_Training_Input/Image/ISIC_0033632.jpg,NV,BKL
/home/grads/k/kaihe/Documents/ISIC/Task3/ISIC2018_Task3_Training_Input/Image/ISIC_0033636.jpg,MEL,BKL
/home/grads/k/kaihe/Documents/ISIC/Task3/ISIC2018_Task3_Training_Input/Image/ISIC_0033638.jpg,MEL,NV
/home/grads/k/kaihe/Documents/ISIC/Task3/ISIC2018_Task3_Training_Input/Image/ISIC_0033639.jpg,NV,MEL
/home/grads/k/kaihe/Documents/ISIC/Task3/ISIC2018_Task3_Training_Input/Image/ISIC_0033642.jpg,BKL,MEL
/home/grads/k/kaihe/Documents/ISIC/Task3/ISIC2018_Task3_Training_Input/Image/ISIC_0033643.jpg,MEL,NV
/home/grads/k/kaihe/Documents/ISIC/Task3/ISIC2018_Task3_Training_Input/Image/ISIC_0033645.jpg,NV,MEL
/home/grads/k/kaihe/Documents/ISIC/Task3/ISIC2018_Task3_Training_Input/Image/ISIC_0033653.jpg,MEL,NV
/home/grads/k/kaihe/Documents/ISIC/Task3/ISIC2018_Task3_Training_Input/Image/ISIC_0033658.jpg,NV,MEL
/home/grads/k/kaihe/Documents/ISIC/Task3/ISIC2018_Task3_Training_Input/Image/ISIC_0033662.jpg,MEL,NV
/home/grads/k/kaihe/Documents/ISIC/Task3/ISIC2018_Task3_Training_Input/Image/ISIC_0033664.jpg,NV,MEL
/home/grads/k/kaihe/Documents/ISIC/Task3/ISIC2018_Task3_Training_Input/Image/ISIC_0033665.jpg,NV,MEL
/home/grads/k/kaihe/Documents/ISIC/Task3/ISIC2018_Task3_Training_Input/Image/ISIC_0033666.jpg,BCC,BKL
/home/grads/k/kaihe/Documents/ISIC/Task3/ISIC2018_Task3_Training_Input/Image/ISIC_0033667.jpg,NV,BKL
/home/grads/k/kaihe/Documents/ISIC/Task3/ISIC2018_Task3_Training_Input/Image/ISIC_0033668.jpg,MEL,BKL
/home/grads/k/kaihe/Documents/ISIC/Task3/ISIC2018_Task3_Training_Input/Image/ISIC_0033669.jpg,NV,BKL
/home/grads/k/kaihe/Documents/ISIC/Task3/ISIC2018_Task3_Training_Input/Image/ISIC_0033671.jpg,NV,MEL
/home/grads/k/kaihe/Documents/ISIC/Task3/ISIC2018_Task3_Training_Input/Image/ISIC_0033674.jpg,NV,BKL
/home/grads/k/kaihe/Documents/ISIC/Task3/ISIC2018_Task3_Training_Input/Image/ISIC_0033675.jpg,DF,NV
/home/grads/k/kaihe/Documents/ISIC/Task3/ISIC2018_Task3_Training_Input/Image/ISIC_0033677.jpg,BKL,NV
/home/grads/k/kaihe/Documents/ISIC/Task3/ISIC2018_Task3_Training_Input/Image/ISIC_0033679.jpg,MEL,DF
/home/grads/k/kaihe/Documents/ISIC/Task3/ISIC2018_Task3_Training_Input/Image/ISIC_0033680.jpg,NV,MEL
/home/grads/k/kaihe/Documents/ISIC/Task3/ISIC2018_Task3_Training_Input/Image/ISIC_0033686.jpg,NV,MEL
/home/grads/k/kaihe/Documents/ISIC/Task3/ISIC2018_Task3_Training_Input/Image/ISIC_0033687.jpg,MEL,NV
/home/grads/k/kaihe/Documents/ISIC/Task3/ISIC2018_Task3_Training_Input/Image/ISIC_0033691.jpg,BKL,NV
/home/grads/k/kaihe/Documents/ISIC/Task3/ISIC2018_Task3_Training_Input/Image/ISIC_0033692.jpg,NV,MEL
/home/grads/k/kaihe/Documents/ISIC/Task3/ISIC2018_Task3_Training_Input/Image/ISIC_0033696.jpg,MEL,VASC
/home/grads/k/kaihe/Documents/ISIC/Task3/ISIC2018_Task3_Training_Input/Image/ISIC_0033701.jpg,BKL,NV
/home/grads/k/kaihe/Documents/ISIC/Task3/ISIC2018_Task3_Training_Input/Image/ISIC_0033703.jpg,NV,BKL
/home/grads/k/kaihe/Documents/ISIC/Task3/ISIC2018_Task3_Training_Input/Image/ISIC_0033704.jpg,MEL,NV
/home/grads/k/kaihe/Documents/ISIC/Task3/ISIC2018_Task3_Training_Input/Image/ISIC_0033705.jpg,AKIEC,BKL
/home/grads/k/kaihe/Documents/ISIC/Task3/ISIC2018_Task3_Training_Input/Image/ISIC_0033708.jpg,MEL,BKL
/home/grads/k/kaihe/Documents/ISIC/Task3/ISIC2018_Task3_Training_Input/Image/ISIC_0033709.jpg,BKL,NV
/home/grads/k/kaihe/Documents/ISIC/Task3/ISIC2018_Task3_Training_Input/Image/ISIC_0033713.jpg,MEL,NV
/home/grads/k/kaihe/Documents/ISIC/Task3/ISIC2018_Task3_Training_Input/Image/ISIC_0033716.jpg,BKL,NV
/home/grads/k/kaihe/Documents/ISIC/Task3/ISIC2018_Task3_Training_Input/Image/ISIC_0033717.jpg,MEL,NV
/home/grads/k/kaihe/Documents/ISIC/Task3/ISIC2018_Task3_Training_Input/Image/ISIC_0033720.jpg,BCC,NV
/home/grads/k/kaihe/Documents/ISIC/Task3/ISIC2018_Task3_Training_Input/Image/ISIC_0033722.jpg,BKL,NV
/home/grads/k/kaihe/Documents/ISIC/Task3/ISIC2018_Task3_Training_Input/Image/ISIC_0033728.jpg,MEL,BKL
/home/grads/k/kaihe/Documents/ISIC/Task3/ISIC2018_Task3_Training_Input/Image/ISIC_0033736.jpg,BKL,MEL
/home/grads/k/kaihe/Documents/ISIC/Task3/ISIC2018_Task3_Training_Input/Image/ISIC_0033737.jpg,NV,MEL
/home/grads/k/kaihe/Documents/ISIC/Task3/ISIC2018_Task3_Training_Input/Image/ISIC_0033738.jpg,NV,MEL
/home/grads/k/kaihe/Documents/ISIC/Task3/ISIC2018_Task3_Training_Input/Image/ISIC_0033745.jpg,NV,BKL
/home/grads/k/kaihe/Documents/ISIC/Task3/ISIC2018_Task3_Training_Input/Image/ISIC_0033749.jpg,VASC,NV
/home/grads/k/kaihe/Documents/ISIC/Task3/ISIC2018_Task3_Training_Input/Image/ISIC_0033752.jpg,MEL,BKL
/home/grads/k/kaihe/Documents/ISIC/Task3/ISIC2018_Task3_Training_Input/Image/ISIC_0033758.jpg,BKL,NV
/home/grads/k/kaihe/Documents/ISIC/Task3/ISIC2018_Task3_Training_Input/Image/ISIC_0033760.jpg,NV,MEL
/home/grads/k/kaihe/Documents/ISIC/Task3/ISIC2018_Task3_Training_Input/Image/ISIC_0033761.jpg,BKL,NV
/home/grads/k/kaihe/Documents/ISIC/Task3/ISIC2018_Task3_Training_Input/Image/ISIC_0033764.jpg,NV,MEL
/home/grads/k/kaihe/Documents/ISIC/Task3/ISIC2018_Task3_Training_Input/Image/ISIC_0033765.jpg,NV,MEL
/home/grads/k/kaihe/Documents/ISIC/Task3/ISIC2018_Task3_Training_Input/Image/ISIC_0033766.jpg,NV,MEL
/home/grads/k/kaihe/Documents/ISIC/Task3/ISIC2018_Task3_Training_Input/Image/ISIC_0033778.jpg,BKL,NV
/home/grads/k/kaihe/Documents/ISIC/Task3/ISIC2018_Task3_Training_Input/Image/ISIC_0033781.jpg,NV,BKL
/home/grads/k/kaihe/Documents/ISIC/Task3/ISIC2018_Task3_Training_Input/Image/ISIC_0033794.jpg,NV,BKL
/home/grads/k/kaihe/Documents/ISIC/Task3/ISIC2018_Task3_Training_Input/Image/ISIC_0033795.jpg,NV,MEL
/home/grads/k/kaihe/Documents/ISIC/Task3/ISIC2018_Task3_Training_Input/Image/ISIC_0033796.jpg,NV,MEL
/home/grads/k/kaihe/Documents/ISIC/Task3/ISIC2018_Task3_Training_Input/Image/ISIC_0033801.jpg,MEL,NV
/home/grads/k/kaihe/Documents/ISIC/Task3/ISIC2018_Task3_Training_Input/Image/ISIC_0033803.jpg,NV,VASC
/home/grads/k/kaihe/Documents/ISIC/Task3/ISIC2018_Task3_Training_Input/Image/ISIC_0033804.jpg,MEL,NV
/home/grads/k/kaihe/Documents/ISIC/Task3/ISIC2018_Task3_Training_Input/Image/ISIC_0033805.jpg,MEL,NV
/home/grads/k/kaihe/Documents/ISIC/Task3/ISIC2018_Task3_Training_Input/Image/ISIC_0033807.jpg,MEL,BKL
/home/grads/k/kaihe/Documents/ISIC/Task3/ISIC2018_Task3_Training_Input/Image/ISIC_0033808.jpg,DF,NV
/home/grads/k/kaihe/Documents/ISIC/Task3/ISIC2018_Task3_Training_Input/Image/ISIC_0033810.jpg,DF,NV
/home/grads/k/kaihe/Documents/ISIC/Task3/ISIC2018_Task3_Training_Input/Image/ISIC_0033811.jpg,AKIEC,BKL
/home/grads/k/kaihe/Documents/ISIC/Task3/ISIC2018_Task3_Training_Input/Image/ISIC_0033812.jpg,MEL,NV
/home/grads/k/kaihe/Documents/ISIC/Task3/ISIC2018_Task3_Training_Input/Image/ISIC_0033813.jpg,MEL,NV
/home/grads/k/kaihe/Documents/ISIC/Task3/ISIC2018_Task3_Training_Input/Image/ISIC_0033822.jpg,NV,VASC
/home/grads/k/kaihe/Documents/ISIC/Task3/ISIC2018_Task3_Training_Input/Image/ISIC_0033837.jpg,NV,MEL
/home/grads/k/kaihe/Documents/ISIC/Task3/ISIC2018_Task3_Training_Input/Image/ISIC_0033847.jpg,DF,NV
/home/grads/k/kaihe/Documents/ISIC/Task3/ISIC2018_Task3_Training_Input/Image/ISIC_0033849.jpg,NV,MEL
/home/grads/k/kaihe/Documents/ISIC/Task3/ISIC2018_Task3_Training_Input/Image/ISIC_0033860.jpg,DF,NV
/home/grads/k/kaihe/Documents/ISIC/Task3/ISIC2018_Task3_Training_Input/Image/ISIC_0033863.jpg,MEL,NV
/home/grads/k/kaihe/Documents/ISIC/Task3/ISIC2018_Task3_Training_Input/Image/ISIC_0033866.jpg,AKIEC,BKL
/home/grads/k/kaihe/Documents/ISIC/Task3/ISIC2018_Task3_Training_Input/Image/ISIC_0033869.jpg,AKIEC,BKL
/home/grads/k/kaihe/Documents/ISIC/Task3/ISIC2018_Task3_Training_Input/Image/ISIC_0033871.jpg,MEL,NV
/home/grads/k/kaihe/Documents/ISIC/Task3/ISIC2018_Task3_Training_Input/Image/ISIC_0033878.jpg,MEL,BKL
/home/grads/k/kaihe/Documents/ISIC/Task3/ISIC2018_Task3_Training_Input/Image/ISIC_0033881.jpg,MEL,BKL
/home/grads/k/kaihe/Documents/ISIC/Task3/ISIC2018_Task3_Training_Input/Image/ISIC_0033884.jpg,BKL,NV
/home/grads/k/kaihe/Documents/ISIC/Task3/ISIC2018_Task3_Training_Input/Image/ISIC_0033885.jpg,MEL,BKL
/home/grads/k/kaihe/Documents/ISIC/Task3/ISIC2018_Task3_Training_Input/Image/ISIC_0033886.jpg,MEL,NV
/home/grads/k/kaihe/Documents/ISIC/Task3/ISIC2018_Task3_Training_Input/Image/ISIC_0033889.jpg,NV,MEL
/home/grads/k/kaihe/Documents/ISIC/Task3/ISIC2018_Task3_Training_Input/Image/ISIC_0033893.jpg,MEL,AKIEC
/home/grads/k/kaihe/Documents/ISIC/Task3/ISIC2018_Task3_Training_Input/Image/ISIC_0033894.jpg,NV,MEL
/home/grads/k/kaihe/Documents/ISIC/Task3/ISIC2018_Task3_Training_Input/Image/ISIC_0033895.jpg,NV,BKL
/home/grads/k/kaihe/Documents/ISIC/Task3/ISIC2018_Task3_Training_Input/Image/ISIC_0033900.jpg,BKL,MEL
/home/grads/k/kaihe/Documents/ISIC/Task3/ISIC2018_Task3_Training_Input/Image/ISIC_0033902.jpg,MEL,BKL
/home/grads/k/kaihe/Documents/ISIC/Task3/ISIC2018_Task3_Training_Input/Image/ISIC_0033905.jpg,MEL,NV
/home/grads/k/kaihe/Documents/ISIC/Task3/ISIC2018_Task3_Training_Input/Image/ISIC_0033910.jpg,BKL,NV
/home/grads/k/kaihe/Documents/ISIC/Task3/ISIC2018_Task3_Training_Input/Image/ISIC_0033925.jpg,MEL,VASC
/home/grads/k/kaihe/Documents/ISIC/Task3/ISIC2018_Task3_Training_Input/Image/ISIC_0033929.jpg,NV,BKL
/home/grads/k/kaihe/Documents/ISIC/Task3/ISIC2018_Task3_Training_Input/Image/ISIC_0033932.jpg,NV,MEL
/home/grads/k/kaihe/Documents/ISIC/Task3/ISIC2018_Task3_Training_Input/Image/ISIC_0033933.jpg,NV,MEL
/home/grads/k/kaihe/Documents/ISIC/Task3/ISIC2018_Task3_Training_Input/Image/ISIC_0033943.jpg,NV,MEL
/home/grads/k/kaihe/Documents/ISIC/Task3/ISIC2018_Task3_Training_Input/Image/ISIC_0033947.jpg,MEL,BKL
/home/grads/k/kaihe/Documents/ISIC/Task3/ISIC2018_Task3_Training_Input/Image/ISIC_0033948.jpg,NV,MEL
/home/grads/k/kaihe/Documents/ISIC/Task3/ISIC2018_Task3_Training_Input/Image/ISIC_0033952.jpg,BKL,MEL
/home/grads/k/kaihe/Documents/ISIC/Task3/ISIC2018_Task3_Training_Input/Image/ISIC_0033956.jpg,MEL,NV
/home/grads/k/kaihe/Documents/ISIC/Task3/ISIC2018_Task3_Training_Input/Image/ISIC_0033957.jpg,MEL,NV
/home/grads/k/kaihe/Documents/ISIC/Task3/ISIC2018_Task3_Training_Input/Image/ISIC_0033963.jpg,NV,MEL
/home/grads/k/kaihe/Documents/ISIC/Task3/ISIC2018_Task3_Training_Input/Image/ISIC_0033966.jpg,NV,BKL
/home/grads/k/kaihe/Documents/ISIC/Task3/ISIC2018_Task3_Training_Input/Image/ISIC_0033967.jpg,MEL,VASC
/home/grads/k/kaihe/Documents/ISIC/Task3/ISIC2018_Task3_Training_Input/Image/ISIC_0033973.jpg,BKL,NV
/home/grads/k/kaihe/Documents/ISIC/Task3/ISIC2018_Task3_Training_Input/Image/ISIC_0033975.jpg,MEL,NV
/home/grads/k/kaihe/Documents/ISIC/Task3/ISIC2018_Task3_Training_Input/Image/ISIC_0033978.jpg,NV,MEL
/home/grads/k/kaihe/Documents/ISIC/Task3/ISIC2018_Task3_Training_Input/Image/ISIC_0033979.jpg,BCC,AKIEC
/home/grads/k/kaihe/Documents/ISIC/Task3/ISIC2018_Task3_Training_Input/Image/ISIC_0033980.jpg,MEL,NV
/home/grads/k/kaihe/Documents/ISIC/Task3/ISIC2018_Task3_Training_Input/Image/ISIC_0033981.jpg,MEL,NV
/home/grads/k/kaihe/Documents/ISIC/Task3/ISIC2018_Task3_Training_Input/Image/ISIC_0033984.jpg,NV,MEL
/home/grads/k/kaihe/Documents/ISIC/Task3/ISIC2018_Task3_Training_Input/Image/ISIC_0033986.jpg,MEL,NV
/home/grads/k/kaihe/Documents/ISIC/Task3/ISIC2018_Task3_Training_Input/Image/ISIC_0034001.jpg,NV,MEL
/home/grads/k/kaihe/Documents/ISIC/Task3/ISIC2018_Task3_Training_Input/Image/ISIC_0034005.jpg,MEL,DF
/home/grads/k/kaihe/Documents/ISIC/Task3/ISIC2018_Task3_Training_Input/Image/ISIC_0034006.jpg,MEL,BKL
/home/grads/k/kaihe/Documents/ISIC/Task3/ISIC2018_Task3_Training_Input/Image/ISIC_0034015.jpg,BCC,NV
/home/grads/k/kaihe/Documents/ISIC/Task3/ISIC2018_Task3_Training_Input/Image/ISIC_0034017.jpg,NV,AKIEC
/home/grads/k/kaihe/Documents/ISIC/Task3/ISIC2018_Task3_Training_Input/Image/ISIC_0034021.jpg,NV,MEL
/home/grads/k/kaihe/Documents/ISIC/Task3/ISIC2018_Task3_Training_Input/Image/ISIC_0034024.jpg,BKL,MEL
/home/grads/k/kaihe/Documents/ISIC/Task3/ISIC2018_Task3_Training_Input/Image/ISIC_0034026.jpg,BCC,BKL
/home/grads/k/kaihe/Documents/ISIC/Task3/ISIC2018_Task3_Training_Input/Image/ISIC_0034027.jpg,NV,BKL
/home/grads/k/kaihe/Documents/ISIC/Task3/ISIC2018_Task3_Training_Input/Image/ISIC_0034031.jpg,BKL,NV
/home/grads/k/kaihe/Documents/ISIC/Task3/ISIC2018_Task3_Training_Input/Image/ISIC_0034032.jpg,NV,MEL
/home/grads/k/kaihe/Documents/ISIC/Task3/ISIC2018_Task3_Training_Input/Image/ISIC_0034034.jpg,MEL,BKL
/home/grads/k/kaihe/Documents/ISIC/Task3/ISIC2018_Task3_Training_Input/Image/ISIC_0034038.jpg,NV,MEL
/home/grads/k/kaihe/Documents/ISIC/Task3/ISIC2018_Task3_Training_Input/Image/ISIC_0034040.jpg,BKL,NV
/home/grads/k/kaihe/Documents/ISIC/Task3/ISIC2018_Task3_Training_Input/Image/ISIC_0034041.jpg,NV,MEL
/home/grads/k/kaihe/Documents/ISIC/Task3/ISIC2018_Task3_Training_Input/Image/ISIC_0034046.jpg,MEL,BKL
/home/grads/k/kaihe/Documents/ISIC/Task3/ISIC2018_Task3_Training_Input/Image/ISIC_0034048.jpg,MEL,BKL
/home/grads/k/kaihe/Documents/ISIC/Task3/ISIC2018_Task3_Training_Input/Image/ISIC_0034050.jpg,MEL,BKL
/home/grads/k/kaihe/Documents/ISIC/Task3/ISIC2018_Task3_Training_Input/Image/ISIC_0034053.jpg,NV,MEL
/home/grads/k/kaihe/Documents/ISIC/Task3/ISIC2018_Task3_Training_Input/Image/ISIC_0034055.jpg,NV,MEL
/home/grads/k/kaihe/Documents/ISIC/Task3/ISIC2018_Task3_Training_Input/Image/ISIC_0034056.jpg,NV,BKL
/home/grads/k/kaihe/Documents/ISIC/Task3/ISIC2018_Task3_Training_Input/Image/ISIC_0034059.jpg,MEL,NV
/home/grads/k/kaihe/Documents/ISIC/Task3/ISIC2018_Task3_Training_Input/Image/ISIC_0034062.jpg,MEL,NV
/home/grads/k/kaihe/Documents/ISIC/Task3/ISIC2018_Task3_Training_Input/Image/ISIC_0034064.jpg,MEL,BKL
/home/grads/k/kaihe/Documents/ISIC/Task3/ISIC2018_Task3_Training_Input/Image/ISIC_0034065.jpg,MEL,NV
/home/grads/k/kaihe/Documents/ISIC/Task3/ISIC2018_Task3_Training_Input/Image/ISIC_0034068.jpg,MEL,NV
/home/grads/k/kaihe/Documents/ISIC/Task3/ISIC2018_Task3_Training_Input/Image/ISIC_0034072.jpg,NV,BKL
/home/grads/k/kaihe/Documents/ISIC/Task3/ISIC2018_Task3_Training_Input/Image/ISIC_0034076.jpg,MEL,NV
/home/grads/k/kaihe/Documents/ISIC/Task3/ISIC2018_Task3_Training_Input/Image/ISIC_0034079.jpg,NV,MEL
/home/grads/k/kaihe/Documents/ISIC/Task3/ISIC2018_Task3_Training_Input/Image/ISIC_0034085.jpg,MEL,NV
/home/grads/k/kaihe/Documents/ISIC/Task3/ISIC2018_Task3_Training_Input/Image/ISIC_0034086.jpg,NV,MEL
/home/grads/k/kaihe/Documents/ISIC/Task3/ISIC2018_Task3_Training_Input/Image/ISIC_0034087.jpg,MEL,NV
/home/grads/k/kaihe/Documents/ISIC/Task3/ISIC2018_Task3_Training_Input/Image/ISIC_0034088.jpg,NV,MEL
/home/grads/k/kaihe/Documents/ISIC/Task3/ISIC2018_Task3_Training_Input/Image/ISIC_0034090.jpg,NV,BCC
/home/grads/k/kaihe/Documents/ISIC/Task3/ISIC2018_Task3_Training_Input/Image/ISIC_0034091.jpg,NV,MEL
/home/grads/k/kaihe/Documents/ISIC/Task3/ISIC2018_Task3_Training_Input/Image/ISIC_0034095.jpg,BCC,NV
/home/grads/k/kaihe/Documents/ISIC/Task3/ISIC2018_Task3_Training_Input/Image/ISIC_0034100.jpg,MEL,BKL
/home/grads/k/kaihe/Documents/ISIC/Task3/ISIC2018_Task3_Training_Input/Image/ISIC_0034115.jpg,BKL,NV
/home/grads/k/kaihe/Documents/ISIC/Task3/ISIC2018_Task3_Training_Input/Image/ISIC_0034118.jpg,MEL,NV
/home/grads/k/kaihe/Documents/ISIC/Task3/ISIC2018_Task3_Training_Input/Image/ISIC_0034119.jpg,BCC,AKIEC
/home/grads/k/kaihe/Documents/ISIC/Task3/ISIC2018_Task3_Training_Input/Image/ISIC_0034120.jpg,MEL,NV
/home/grads/k/kaihe/Documents/ISIC/Task3/ISIC2018_Task3_Training_Input/Image/ISIC_0034123.jpg,BCC,BKL
/home/grads/k/kaihe/Documents/ISIC/Task3/ISIC2018_Task3_Training_Input/Image/ISIC_0034124.jpg,NV,BKL
/home/grads/k/kaihe/Documents/ISIC/Task3/ISIC2018_Task3_Training_Input/Image/ISIC_0034125.jpg,BKL,MEL
/home/grads/k/kaihe/Documents/ISIC/Task3/ISIC2018_Task3_Training_Input/Image/ISIC_0034127.jpg,NV,BKL
/home/grads/k/kaihe/Documents/ISIC/Task3/ISIC2018_Task3_Training_Input/Image/ISIC_0034130.jpg,NV,BKL
/home/grads/k/kaihe/Documents/ISIC/Task3/ISIC2018_Task3_Training_Input/Image/ISIC_0034134.jpg,MEL,NV
/home/grads/k/kaihe/Documents/ISIC/Task3/ISIC2018_Task3_Training_Input/Image/ISIC_0034135.jpg,DF,NV
/home/grads/k/kaihe/Documents/ISIC/Task3/ISIC2018_Task3_Training_Input/Image/ISIC_0034136.jpg,NV,BKL
/home/grads/k/kaihe/Documents/ISIC/Task3/ISIC2018_Task3_Training_Input/Image/ISIC_0034140.jpg,MEL,BCC
/home/grads/k/kaihe/Documents/ISIC/Task3/ISIC2018_Task3_Training_Input/Image/ISIC_0034141.jpg,MEL,BKL
/home/grads/k/kaihe/Documents/ISIC/Task3/ISIC2018_Task3_Training_Input/Image/ISIC_0034146.jpg,NV,BCC
/home/grads/k/kaihe/Documents/ISIC/Task3/ISIC2018_Task3_Training_Input/Image/ISIC_0034159.jpg,MEL,BKL
/home/grads/k/kaihe/Documents/ISIC/Task3/ISIC2018_Task3_Training_Input/Image/ISIC_0034162.jpg,MEL,NV
/home/grads/k/kaihe/Documents/ISIC/Task3/ISIC2018_Task3_Training_Input/Image/ISIC_0034165.jpg,BKL,MEL
/home/grads/k/kaihe/Documents/ISIC/Task3/ISIC2018_Task3_Training_Input/Image/ISIC_0034168.jpg,BKL,NV
/home/grads/k/kaihe/Documents/ISIC/Task3/ISIC2018_Task3_Training_Input/Image/ISIC_0034169.jpg,DF,BCC
/home/grads/k/kaihe/Documents/ISIC/Task3/ISIC2018_Task3_Training_Input/Image/ISIC_0034172.jpg,MEL,NV
/home/grads/k/kaihe/Documents/ISIC/Task3/ISIC2018_Task3_Training_Input/Image/ISIC_0034173.jpg,MEL,NV
/home/grads/k/kaihe/Documents/ISIC/Task3/ISIC2018_Task3_Training_Input/Image/ISIC_0034180.jpg,MEL,NV
/home/grads/k/kaihe/Documents/ISIC/Task3/ISIC2018_Task3_Training_Input/Image/ISIC_0034183.jpg,MEL,NV
/home/grads/k/kaihe/Documents/ISIC/Task3/ISIC2018_Task3_Training_Input/Image/ISIC_0034188.jpg,MEL,NV
/home/grads/k/kaihe/Documents/ISIC/Task3/ISIC2018_Task3_Training_Input/Image/ISIC_0034189.jpg,BKL,MEL
/home/grads/k/kaihe/Documents/ISIC/Task3/ISIC2018_Task3_Training_Input/Image/ISIC_0034198.jpg,NV,MEL
/home/grads/k/kaihe/Documents/ISIC/Task3/ISIC2018_Task3_Training_Input/Image/ISIC_0034201.jpg,BKL,NV
/home/grads/k/kaihe/Documents/ISIC/Task3/ISIC2018_Task3_Training_Input/Image/ISIC_0034204.jpg,NV,MEL
/home/grads/k/kaihe/Documents/ISIC/Task3/ISIC2018_Task3_Training_Input/Image/ISIC_0034205.jpg,MEL,NV
/home/grads/k/kaihe/Documents/ISIC/Task3/ISIC2018_Task3_Training_Input/Image/ISIC_0034208.jpg,MEL,BKL
/home/grads/k/kaihe/Documents/ISIC/Task3/ISIC2018_Task3_Training_Input/Image/ISIC_0034211.jpg,MEL,NV
/home/grads/k/kaihe/Documents/ISIC/Task3/ISIC2018_Task3_Training_Input/Image/ISIC_0034212.jpg,NV,MEL
/home/grads/k/kaihe/Documents/ISIC/Task3/ISIC2018_Task3_Training_Input/Image/ISIC_0034222.jpg,MEL,NV
/home/grads/k/kaihe/Documents/ISIC/Task3/ISIC2018_Task3_Training_Input/Image/ISIC_0034223.jpg,BCC,BKL
/home/grads/k/kaihe/Documents/ISIC/Task3/ISIC2018_Task3_Training_Input/Image/ISIC_0034229.jpg,NV,BKL
/home/grads/k/kaihe/Documents/ISIC/Task3/ISIC2018_Task3_Training_Input/Image/ISIC_0034231.jpg,NV,BKL
/home/grads/k/kaihe/Documents/ISIC/Task3/ISIC2018_Task3_Training_Input/Image/ISIC_0034234.jpg,NV,MEL
/home/grads/k/kaihe/Documents/ISIC/Task3/ISIC2018_Task3_Training_Input/Image/ISIC_0034236.jpg,MEL,NV
/home/grads/k/kaihe/Documents/ISIC/Task3/ISIC2018_Task3_Training_Input/Image/ISIC_0034237.jpg,NV,MEL
/home/grads/k/kaihe/Documents/ISIC/Task3/ISIC2018_Task3_Training_Input/Image/ISIC_0034242.jpg,MEL,NV
/home/grads/k/kaihe/Documents/ISIC/Task3/ISIC2018_Task3_Training_Input/Image/ISIC_0034243.jpg,MEL,BKL
/home/grads/k/kaihe/Documents/ISIC/Task3/ISIC2018_Task3_Training_Input/Image/ISIC_0034245.jpg,NV,BKL
/home/grads/k/kaihe/Documents/ISIC/Task3/ISIC2018_Task3_Training_Input/Image/ISIC_0034246.jpg,MEL,NV
/home/grads/k/kaihe/Documents/ISIC/Task3/ISIC2018_Task3_Training_Input/Image/ISIC_0034247.jpg,NV,BKL
/home/grads/k/kaihe/Documents/ISIC/Task3/ISIC2018_Task3_Training_Input/Image/ISIC_0034254.jpg,NV,MEL
/home/grads/k/kaihe/Documents/ISIC/Task3/ISIC2018_Task3_Training_Input/Image/ISIC_0034255.jpg,BCC,NV
/home/grads/k/kaihe/Documents/ISIC/Task3/ISIC2018_Task3_Training_Input/Image/ISIC_0034256.jpg,MEL,NV
/home/grads/k/kaihe/Documents/ISIC/Task3/ISIC2018_Task3_Training_Input/Image/ISIC_0034262.jpg,MEL,BKL
/home/grads/k/kaihe/Documents/ISIC/Task3/ISIC2018_Task3_Training_Input/Image/ISIC_0034268.jpg,NV,MEL
/home/grads/k/kaihe/Documents/ISIC/Task3/ISIC2018_Task3_Training_Input/Image/ISIC_0034269.jpg,MEL,NV
/home/grads/k/kaihe/Documents/ISIC/Task3/ISIC2018_Task3_Training_Input/Image/ISIC_0034274.jpg,NV,MEL
/home/grads/k/kaihe/Documents/ISIC/Task3/ISIC2018_Task3_Training_Input/Image/ISIC_0034285.jpg,NV,BKL
/home/grads/k/kaihe/Documents/ISIC/Task3/ISIC2018_Task3_Training_Input/Image/ISIC_0034287.jpg,MEL,BKL
/home/grads/k/kaihe/Documents/ISIC/Task3/ISIC2018_Task3_Training_Input/Image/ISIC_0034289.jpg,MEL,NV
/home/grads/k/kaihe/Documents/ISIC/Task3/ISIC2018_Task3_Training_Input/Image/ISIC_0034290.jpg,NV,BKL
/home/grads/k/kaihe/Documents/ISIC/Task3/ISIC2018_Task3_Training_Input/Image/ISIC_0034296.jpg,BKL,NV
/home/grads/k/kaihe/Documents/ISIC/Task3/ISIC2018_Task3_Training_Input/Image/ISIC_0034299.jpg,BCC,NV
/home/grads/k/kaihe/Documents/ISIC/Task3/ISIC2018_Task3_Training_Input/Image/ISIC_0034300.jpg,NV,MEL
/home/grads/k/kaihe/Documents/ISIC/Task3/ISIC2018_Task3_Training_Input/Image/ISIC_0034303.jpg,BKL,NV
/home/grads/k/kaihe/Documents/ISIC/Task3/ISIC2018_Task3_Training_Input/Image/ISIC_0034315.jpg,BKL,MEL
/home/grads/k/kaihe/Documents/ISIC/Task3/ISIC2018_Task3_Training_Input/Image/ISIC_0034317.jpg,MEL,NV
